Symbol;Security;GICS Sector;GICS Sub-Industry;Headquarters Location;Date added;CIK;Founded
IR;Ingersoll Rand;Industrials;Industrial Machinery & Supplies & Components;Davidson, North Carolina;3/03/2020;1699150;1859
PODD;Insulet Corporation;Health Care;Health Care Equipment;Acton, Massachusetts;15/03/2023;1145197;2000
INTC;Intel;Information Technology;Semiconductors;Santa Clara, California;31/12/1976;50863;1968
IBKR;Interactive Brokers;Financials;Investment Banking & Brokerage;Greenwich, Connecticut;28/08/2025;1381197;1977
ICE;Intercontinental Exchange;Financials;Financial Exchanges & Data;Atlanta, Georgia;26/09/2007;1571949;2000
IFF;International Flavors & Fragrances;Materials;Specialty Chemicals;New York City, New York;31/03/1976;51253;1958 (1889)
IP;International Paper;Materials;Paper & Plastic Packaging Products & Materials;Memphis, Tennessee;4/03/1957;51434;1898
INTU;Intuit;Information Technology;Application Software;Mountain View, California;5/12/2000;896878;1983
ISRG;Intuitive Surgical;Health Care;Health Care Equipment;Sunnyvale, California;2/06/2008;1035267;1995
IVZ;Invesco;Financials;Asset Management & Custody Banks;Atlanta, Georgia;21/08/2008;914208;1935
INVH;Invitation Homes;Real Estate;Single-Family Residential REITs;Dallas, Texas;19/09/2022;1687229;2012
IQV;IQVIA;Health Care;Life Sciences Tools & Services;Durham, North Carolina;29/08/2017;1478242;1982
IRM;Iron Mountain;Real Estate;Other Specialized REITs;Portsmouth, New Hampshire;6/01/2009;1020569;1951
JBHT;J.B. Hunt;Industrials;Cargo Ground Transportation;Lowell, Arkansas;1/07/2015;728535;1961
JBL;Jabil;Information Technology;Electronic Manufacturing Services;St. Petersburg, Florida;18/12/2023;898293;1966
JKHY;Jack Henry & Associates;Financials;Transaction & Payment Processing Services;Monett, Missouri;13/11/2018;779152;1976
J;Jacobs Solutions;Industrials;Construction & Engineering;Dallas, Texas;26/10/2007;52988;1947
JNJ;Johnson & Johnson;Health Care;Pharmaceuticals;New Brunswick, New Jersey;30/06/1973;200406;1886
JCI;Johnson Controls;Industrials;Building Products;Cork, Ireland;27/08/2010;833444;1885
JPM;JPMorgan Chase;Financials;Diversified Banks;New York City, New York;30/06/1975;19617;2000 (1799 / 1871)
KVUE;Kenvue;Consumer Staples;Personal Care Products;Skillman, New Jersey;25/08/2023;1944048;2022 (Johnson & Johnson spinoff)
KDP;Keurig Dr Pepper;Consumer Staples;Soft Drinks & Non-alcoholic Beverages;Burlington, Massachusetts;21/06/2022;1418135;1981
KEY;KeyCorp;Financials;Regional Banks;Cleveland, Ohio;1/03/1994;91576;1825
KEYS;Keysight Technologies;Information Technology;Electronic Equipment & Instruments;Santa Rosa, California;6/11/2018;1601046;2014 (1939)
KMB;Kimberly-Clark;Consumer Staples;Household Products;Irving, Texas;4/03/1957;55785;1872
KIM;Kimco Realty;Real Estate;Retail REITs;Jericho, New York;4/04/2006;879101;1958
KMI;Kinder Morgan;Energy;Oil & Gas Storage & Transportation;Houston, Texas;25/05/2012;1506307;1997
KKR;KKR & Co.;Financials;Asset Management & Custody Banks;New York City, New York;24/06/2024;1404912;1976
KLAC;KLA Corporation;Information Technology;Semiconductor Materials & Equipment;Milpitas, California;30/09/1997;319201;1975/1977 (1997)
KHC;Kraft Heinz;Consumer Staples;Packaged Foods & Meats;Chicago, Illinois;;0001637459;
KR;Kroger;Consumer Staples;Food Retail;Cincinnati, Ohio;4/03/1957;56873;1883
LHX;L3Harris;Industrials;Aerospace & Defense;Melbourne, Florida;22/09/2008;202058;2019 (L3 1997, Harris 1895)
LH;Labcorp;Health Care;Health Care Services;Burlington, North Carolina;1/11/2004;920148;1978
LRCX;Lam Research;Information Technology;Semiconductor Materials & Equipment;Fremont, California;29/06/2012;707549;1980
LVS;Las Vegas Sands;Consumer Discretionary;Casinos & Gaming;Las Vegas, Nevada;3/10/2019;1300514;1988
LDOS;Leidos;Industrials;Diversified Support Services;Reston, Virginia;9/08/2019;1336920;1969
LEN;Lennar;Consumer Discretionary;Homebuilding;Miami, Florida;4/10/2005;920760;1954
LII;Lennox International;Industrials;Building Products;Richardson, Texas;23/12/2024;1069202;1895
LLY;Lilly (Eli);Health Care;Pharmaceuticals;Indianapolis, Indiana;31/12/1970;59478;1876
LIN;Linde plc;Materials;Industrial Gases;Guildford, United Kingdom;1/07/1992;1707925;1879
LYV;Live Nation Entertainment;Communication Services;Movies & Entertainment;Beverly Hills, California;23/12/2019;1335258;2010
LMT;Lockheed Martin;Industrials;Aerospace & Defense;Bethesda, Maryland;4/03/1957;936468;1995
L;Loews Corporation;Financials;Multi-line Insurance;New York City, New York;31/05/1995;60086;1959
LOW;Lowe's;Consumer Discretionary;Home Improvement Retail;Mooresville, North Carolina;29/02/1984;60667;1904/1946/1959
LULU;Lululemon Athletica;Consumer Discretionary;Apparel, Accessories & Luxury Goods;Vancouver, Canada;18/10/2023;1397187;1998
LITE;Lumentum;Information Technology;Communications Equipment;San Jose, California;23/03/2026;1633978;2015
LYB;LyondellBasell;Materials;Specialty Chemicals;Rotterdam, Netherlands;5/09/2012;1489393;2007
MTB;M&T Bank;Financials;Regional Banks;Buffalo, New York;23/02/2004;36270;1856
MPC;Marathon Petroleum;Energy;Oil & Gas Refining & Marketing;Findlay, Ohio;1/07/2011;1510295;2009 (1887)
MAR;Marriott International;Consumer Discretionary;Hotels, Resorts & Cruise Lines;Bethesda, Maryland;29/05/1998;1048286;1927
MRSH;Marsh McLennan;Financials;Insurance Brokers;New York City, New York;31/08/1987;62709;1905
MLM;Martin Marietta Materials;Materials;Construction Materials;Raleigh, North Carolina;2/07/2014;916076;1993
MAS;Masco;Industrials;Building Products;Livonia, Michigan;30/06/1981;62996;1929
MA;Mastercard;Financials;Transaction & Payment Processing Services;Harrison, New York;18/07/2008;1141391;1966
MKC;McCormick & Company;Consumer Staples;Packaged Foods & Meats;Hunt Valley, Maryland;20/03/2003;63754;1889
MCD;McDonald's;Consumer Discretionary;Restaurants;Chicago, Illinois;30/06/1970;63908;1940
MCK;McKesson Corporation;Health Care;Health Care Distributors;Irving, Texas;13/01/1999;927653;1833
MDT;Medtronic;Health Care;Health Care Equipment;Galway, Ireland;31/10/1986;1613103;1949
MRK;Merck & Co.;Health Care;Pharmaceuticals;Kenilworth, New Jersey;4/03/1957;310158;1891
META;Meta Platforms;Communication Services;Interactive Media & Services;Menlo Park, California;23/12/2013;1326801;2004
MET;MetLife;Financials;Life & Health Insurance;New York City, New York;11/12/2000;1099219;1868
MTD;Mettler Toledo;Health Care;Life Sciences Tools & Services;Columbus, Ohio;6/09/2016;1037646;1945
MGM;MGM Resorts;Consumer Discretionary;Casinos & Gaming;Paradise, Nevada;26/07/2017;789570;1986
MCHP;Microchip Technology;Information Technology;Semiconductors;Chandler, Arizona;7/09/2007;827054;1989
MU;Micron Technology;Information Technology;Semiconductors;Boise, Idaho;27/09/1994;723125;1978
MSFT;Microsoft;Information Technology;Systems Software;Redmond, Washington;1/06/1994;789019;1975
MAA;Mid-America Apartment Communities;Real Estate;Multi-Family Residential REITs;Memphis, Tennessee;2/12/2016;912595;1977
MRNA;Moderna;Health Care;Biotechnology;Cambridge, Massachusetts;21/07/2021;1682852;2010
TAP;Molson Coors Beverage Company;Consumer Staples;Brewers;Chicago, Illinois;30/06/1976;24545;2005 (Molson 1786, Coors 1873)
MDLZ;Mondelez International;Consumer Staples;Packaged Foods & Meats;Chicago, Illinois;2/10/2012;1103982;2012
MPWR;Monolithic Power Systems;Information Technology;Semiconductors;Kirkland, Washington;12/02/2021;1280452;1997
MNST;Monster Beverage;Consumer Staples;Soft Drinks & Non-alcoholic Beverages;Corona, California;28/06/2012;865752;2012 (1935)
MCO;Moody's Corporation;Financials;Financial Exchanges & Data;New York City, New York;1/07/1998;1059556;1909
MS;Morgan Stanley;Financials;Investment Banking & Brokerage;New York City, New York;29/07/1993;895421;1935
MOS;Mosaic Company (The);Materials;Fertilizers & Agricultural Chemicals;Tampa, Florida;26/09/2011;1285785;2004 (1865 / 1909)
MSI;Motorola Solutions;Information Technology;Communications Equipment;Chicago, Illinois;4/03/1957;68505;1928 (2011)
MSCI;MSCI Inc.;Financials;Financial Exchanges & Data;New York City, New York;4/04/2018;1408198;1969
NDAQ;Nasdaq, Inc.;Financials;Financial Exchanges & Data;New York City, New York;22/10/2008;1120193;1971
NTAP;NetApp;Information Technology;Technology Hardware, Storage & Peripherals;San Jose, California;25/06/1999;1002047;1992
NFLX;Netflix;Communication Services;Movies & Entertainment;Los Gatos, California;20/12/2010;1065280;1997
NEM;Newmont;Materials;Gold;Denver, Colorado;30/06/1969;1164727;1921
NWSA;News Corp (Class A);Communication Services;Publishing;New York City, New York;1/08/2013;1564708;2013 (News Corporation 1980)
NWS;News Corp (Class B);Communication Services;Publishing;New York City, New York;18/09/2015;1564708;2013 (News Corporation 1980)
NEE;NextEra Energy;Utilities;Multi-Utilities;Juno Beach, Florida;30/06/1976;753308;1984 (1925)
NKE;Nike, Inc.;Consumer Discretionary;Apparel, Accessories & Luxury Goods;Washington County, Oregon;30/11/1988;320187;1964
NI;NiSource;Utilities;Multi-Utilities;Merrillville, Indiana;2/11/2000;1111711;1912
NDSN;Nordson Corporation;Industrials;Industrial Machinery & Supplies & Components;Westlake, Ohio;15/02/2022;72331;1935
NSC;Norfolk Southern;Industrials;Rail Transportation;Atlanta, Georgia;4/03/1957;702165;1881/1894 (1980)
NTRS;Northern Trust;Financials;Asset Management & Custody Banks;Chicago, Illinois;30/01/1998;73124;1889
NOC;Northrop Grumman;Industrials;Aerospace & Defense;West Falls Church, Virginia[3];4/03/1957;1133421;1994 (Northrop 1939, Grumman 1930)
NCLH;Norwegian Cruise Line Holdings;Consumer Discretionary;Hotels, Resorts & Cruise Lines;Miami-Dade County, Florida[4];13/10/2017;1513761;2011 (1966)
NRG;NRG Energy;Utilities;Independent Power Producers & Energy Traders;Houston, Texas;29/01/2010;1013871;1992
NUE;Nucor;Materials;Steel;Charlotte, North Carolina;30/04/1985;73309;1940
NVDA;Nvidia;Information Technology;Semiconductors;Santa Clara, California;30/11/2001;1045810;1993
NVR;NVR, Inc.;Consumer Discretionary;Homebuilding;Reston, Virginia;26/09/2019;906163;1980
NXPI;NXP Semiconductors;Information Technology;Semiconductors;Eindhoven, Netherlands;22/03/2021;1413447;1953
ORLY;O’Reilly Automotive;Consumer Discretionary;Automotive Retail;Springfield, Missouri;27/03/2009;898173;1957
OXY;Occidental Petroleum;Energy;Oil & Gas Exploration & Production;Houston, Texas;4/03/1957;797468;1920
ODFL;Old Dominion;Industrials;Cargo Ground Transportation;Thomasville, North Carolina;9/12/2019;878927;1934
OMC;Omnicom Group;Communication Services;Advertising;New York City, New York;31/12/1997;29989;1986
ON;ON Semiconductor;Information Technology;Semiconductors;Phoenix, Arizona;21/06/2022;1097864;1999
OKE;Oneok;Energy;Oil & Gas Storage & Transportation;Tulsa, Oklahoma;15/03/2010;1039684;1906
ORCL;Oracle Corporation;Information Technology;Application Software;Austin, Texas;31/08/1989;1341439;1977
OTIS;Otis Worldwide;Industrials;Industrial Machinery & Supplies & Components;Farmington, Connecticut;3/04/2020;1781335;2020 (1853, United Technologies spinoff)
PCAR;Paccar;Industrials;Construction Machinery & Heavy Transportation Equipment;Bellevue, Washington;31/12/1980;75362;1905
PKG;Packaging Corporation of America;Materials;Paper & Plastic Packaging Products & Materials;Lake Forest, Illinois;26/07/2017;75677;1959
PLTR;Palantir Technologies;Information Technology;Application Software;Aventura, Florida;23/09/2024;1321655;2003
PANW;Palo Alto Networks;Information Technology;Systems Software;Santa Clara, California;20/06/2023;1327567;2005
PSKY;Paramount Skydance Corporation;Communication Services;Movies & Entertainment;Los Angeles, California;30/09/1994;2041610;2025 (Paramount Pictures 1912)
PH;Parker Hannifin;Industrials;Industrial Machinery & Supplies & Components;Cleveland, Ohio;30/11/1985;76334;1917
PAYX;Paychex;Industrials;Human Resource & Employment Services;Penfield, New York;1/10/1998;723531;1971
PYPL;PayPal;Financials;Transaction & Payment Processing Services;San Jose, California;20/07/2015;1633917;1998
PNR;Pentair;Industrials;Industrial Machinery & Supplies & Components;Worsley, United Kingdom;1/10/2012;77360;1966
PEP;PepsiCo;Consumer Staples;Soft Drinks & Non-alcoholic Beverages;Purchase, New York;4/03/1957;77476;1898
PFE;Pfizer;Health Care;Pharmaceuticals;New York City, New York;4/03/1957;78003;1849
PCG;PG&E Corporation;Utilities;Multi-Utilities;Oakland, California;3/10/2022;1004980;1905
PM;Philip Morris International;Consumer Staples;Tobacco;New York City, New York;31/03/2008;1413329;2008 (1847)
PSX;Phillips 66;Energy;Oil & Gas Refining & Marketing;Houston, Texas;1/05/2012;1534701;2012 (1917)
PNW;Pinnacle West Capital;Utilities;Multi-Utilities;Phoenix, Arizona;4/10/1999;764622;1985
PNC;PNC Financial Services;Financials;Diversified Banks;Pittsburgh, Pennsylvania;30/04/1988;713676;1845
POOL;Pool Corporation;Consumer Discretionary;Distributors;Covington, Louisiana;7/10/2020;945841;1993
PPG;PPG Industries;Materials;Specialty Chemicals;Pittsburgh, Pennsylvania;4/03/1957;79879;1883
PPL;PPL Corporation;Utilities;Electric Utilities;Allentown, Pennsylvania;1/10/2001;922224;1920
PFG;Principal Financial Group;Financials;Life & Health Insurance;Des Moines, Iowa;22/07/2002;1126328;1879
PG;Procter & Gamble;Consumer Staples;Personal Care Products;Cincinnati, Ohio;4/03/1957;80424;1837
PGR;Progressive Corporation;Financials;Property & Casualty Insurance;Mayfield Village, Ohio;4/08/1997;80661;1937
PLD;Prologis;Real Estate;Industrial REITs;San Francisco, California;17/07/2003;1045609;1983
PRU;Prudential Financial;Financials;Life & Health Insurance;Newark, New Jersey;22/07/2002;1137774;1875
PEG;Public Service Enterprise Group;Utilities;Electric Utilities;Newark, New Jersey;4/03/1957;788784;1903
PTC;PTC Inc.;Information Technology;Application Software;Boston, Massachusetts;20/04/2021;857005;1985
PSA;Public Storage;Real Estate;Self-Storage REITs;Glendale, California;19/08/2005;1393311;1972
PHM;PulteGroup;Consumer Discretionary;Homebuilding;Atlanta, Georgia;30/04/1984;822416;1956
PWR;Quanta Services;Industrials;Construction & Engineering;Houston, Texas;1/07/2009;1050915;1997
QCOM;Qualcomm;Information Technology;Semiconductors;San Diego, California;22/07/1999;804328;1985
DGX;Quest Diagnostics;Health Care;Health Care Services;Secaucus, New Jersey;12/12/2002;1022079;1967
Q;Qnity Electronics;Information Technology;Semiconductor Materials & Equipment;Wilmington, Delaware;3/11/2025;2058873;2025
RL;Ralph Lauren Corporation;Consumer Discretionary;Apparel, Accessories & Luxury Goods;New York City, New York;2/02/2007;1037038;1967
RJF;Raymond James Financial;Financials;Investment Banking & Brokerage;St. Petersburg, Florida;20/03/2017;720005;1962
RTX;RTX Corporation;Industrials;Aerospace & Defense;Waltham, Massachusetts;4/03/1957;101829;1922
O;Realty Income;Real Estate;Retail REITs;San Diego, California;7/04/2015;726728;1969
REG;Regency Centers;Real Estate;Retail REITs;Jacksonville, Florida;2/03/2017;910606;1963
REGN;Regeneron Pharmaceuticals;Health Care;Biotechnology;Tarrytown, New York;1/05/2013;872589;1988
RF;Regions Financial Corporation;Financials;Regional Banks;Birmingham, Alabama;28/08/1998;1281761;1971
RSG;Republic Services;Industrials;Environmental & Facilities Services;Phoenix, Arizona;5/12/2008;1060391;1998 (1981)
RMD;ResMed;Health Care;Health Care Equipment;San Diego, California;26/07/2017;943819;1989
RVTY;Revvity;Health Care;Health Care Equipment;Waltham, Massachusetts;31/05/1985;31791;1937
HOOD;Robinhood Markets;Financials;Investment Banking & Brokerage;Menlo Park, California;22/09/2025;1783879;2013
ROK;Rockwell Automation;Industrials;Electrical Components & Equipment;Milwaukee, Wisconsin;12/03/2000;1024478;1903
ROL;Rollins, Inc.;Industrials;Environmental & Facilities Services;Atlanta, Georgia;1/10/2018;84839;1948
ROP;Roper Technologies;Information Technology;Electronic Equipment & Instruments;Sarasota, Florida;23/12/2009;882835;1981
ROST;Ross Stores;Consumer Discretionary;Apparel Retail;Dublin, California;21/12/2009;745732;1982
RCL;Royal Caribbean Group;Consumer Discretionary;Hotels, Resorts & Cruise Lines;Miami, Florida;5/12/2014;884887;1997
SPGI;S&P Global;Financials;Financial Exchanges & Data;New York City, New York;4/03/1957;64040;1917
CRM;Salesforce;Information Technology;Application Software;San Francisco, California;15/09/2008;1108524;1999
SNDK;Sandisk;Information Technology;Technology Hardware, Storage & Peripherals;Milpitas, California;28/11/2025;2023554;1988
SBAC;SBA Communications;Real Estate;Telecom Tower REITs;Boca Raton, Florida;1/09/2017;1034054;1989
SLB;Schlumberger;Energy;Oil & Gas Equipment & Services;Houston, Texas;4/03/1957;87347;1926
STX;Seagate Technology;Information Technology;Technology Hardware, Storage & Peripherals;Dublin, Ireland;2/07/2012;1137789;1979
SRE;Sempra;Utilities;Multi-Utilities;San Diego, California;17/03/2017;1032208;1998
NOW;ServiceNow;Information Technology;Systems Software;Santa Clara, California;21/11/2019;1373715;2003
SHW;Sherwin-Williams;Materials;Specialty Chemicals;Cleveland, Ohio;30/06/1964;89800;1866
SPG;Simon Property Group;Real Estate;Retail REITs;Indianapolis, Indiana;26/06/2002;1063761;2003
SWKS;Skyworks Solutions;Information Technology;Semiconductors;Irvine, California;12/03/2015;4127;2002
SJM;J.M. Smucker Company (The);Consumer Staples;Packaged Foods & Meats;Orrville, Ohio;6/11/2008;91419;1897
SW;Smurfit Westrock;Materials;Paper & Plastic Packaging Products & Materials;Dublin, Ireland;8/07/2024;2005951;1934
SNA;Snap-on;Industrials;Industrial Machinery & Supplies & Components;Kenosha, Wisconsin;30/09/1982;91440;1920
SOLV;Solventum;Health Care;Health Care Technology;Saint Paul, Minnesota;1/04/2024;1964738;2023
SO;Southern Company;Utilities;Electric Utilities;Atlanta, Georgia;4/03/1957;92122;1945
LUV;Southwest Airlines;Industrials;Passenger Airlines;Dallas, Texas;1/07/1994;92380;1967
SWK;Stanley Black & Decker;Industrials;Industrial Machinery & Supplies & Components;New Britain, Connecticut;30/09/1982;93556;1843
SBUX;Starbucks;Consumer Discretionary;Restaurants;Seattle, Washington;7/06/2000;829224;1971
STT;State Street Corporation;Financials;Asset Management & Custody Banks;Boston, Massachusetts;14/03/2003;93751;1792
STLD;Steel Dynamics;Materials;Steel;Fort Wayne, Indiana;22/12/2022;1022671;1993
STE;Steris;Health Care;Health Care Equipment;Dublin, Ireland;23/12/2019;1757898;1985
SYK;Stryker Corporation;Health Care;Health Care Equipment;Kalamazoo, Michigan;12/12/2000;310764;1941
SMCI;Supermicro;Information Technology;Technology Hardware, Storage & Peripherals;San Jose, California;18/03/2024;1375365;1993
SYF;Synchrony Financial;Financials;Consumer Finance;Stamford, Connecticut;18/11/2015;1601712;2003
SNPS;Synopsys;Information Technology;Application Software;Sunnyvale, California;16/03/2017;883241;1986
SYY;Sysco;Consumer Staples;Food Distributors;Houston, Texas;31/12/1986;96021;1969
TMUS;T-Mobile US;Communication Services;Wireless Telecommunication Services;Bellevue, Washington;15/07/2019;1283699;1994
TROW;T. Rowe Price;Financials;Asset Management & Custody Banks;Baltimore, Maryland;29/07/2019;1113169;1937
TTWO;Take-Two Interactive;Communication Services;Interactive Home Entertainment;New York City, New York;19/03/2018;946581;1993
TPR;Tapestry, Inc.;Consumer Discretionary;Apparel, Accessories & Luxury Goods;New York City, New York;1/09/2004;1116132;2017
TRGP;Targa Resources;Energy;Oil & Gas Storage & Transportation;Houston, Texas;12/10/2022;1389170;2005
TGT;Target Corporation;Consumer Staples;Consumer Staples Merchandise Retail;Minneapolis, Minnesota;31/12/1976;27419;1902
TEL;TE Connectivity;Information Technology;Electronic Manufacturing Services;Galway, Ireland;17/10/2011;1385157;2007
TDY;Teledyne Technologies;Information Technology;Electronic Equipment & Instruments;Thousand Oaks, California;22/06/2020;1094285;1960
TER;Teradyne;Information Technology;Semiconductor Materials & Equipment;North Reading, Massachusetts;21/09/2020;97210;1960
TSLA;Tesla, Inc.;Consumer Discretionary;Automobile Manufacturers;Austin, Texas;21/12/2020;1318605;2003
TXN;Texas Instruments;Information Technology;Semiconductors;Dallas, Texas;12/03/2001;97476;1930
TPL;Texas Pacific Land Corporation;Energy;Oil & Gas Exploration & Production;Dallas, Texas;26/11/2024;1811074;1888
TXT;Textron;Industrials;Aerospace & Defense;Providence, Rhode Island;31/12/1978;217346;1923
TMO;Thermo Fisher Scientific;Health Care;Life Sciences Tools & Services;Waltham, Massachusetts;3/08/2004;97745;2006 (1902)
TJX;TJX Companies;Consumer Discretionary;Apparel Retail;Framingham, Massachusetts;30/09/1985;109198;1987
TKO;TKO Group Holdings;Communication Services;Movies & Entertainment;New York City, New York;24/03/2025;1973266;2023
TTD;Trade Desk (The);Communication Services;Advertising;Ventura, California;18/07/2025;1671933;2009
TSCO;Tractor Supply;Consumer Discretionary;Other Specialty Retail;Brentwood, Tennessee;24/01/2014;916365;1938
TT;Trane Technologies;Industrials;Building Products;Dublin, Ireland;17/11/2010;1466258;1871
TDG;TransDigm Group;Industrials;Aerospace & Defense;Cleveland, Ohio;3/06/2016;1260221;1993
TRV;Travelers Companies (The);Financials;Property & Casualty Insurance;New York City, New York;21/08/2002;86312;1853
TRMB;Trimble Inc.;Information Technology;Application Software;Westminster, Colorado;21/01/2021;864749;1978
TFC;Truist Financial;Financials;Diversified Banks;Charlotte, North Carolina;4/12/1997;92230;1872
TYL;Tyler Technologies;Information Technology;Application Software;Plano, Texas;22/06/2020;860731;1966
TSN;Tyson Foods;Consumer Staples;Packaged Foods & Meats;Springdale, Arkansas;10/08/2005;100493;1935
USB;U.S. Bancorp;Financials;Diversified Banks;Minneapolis, Minnesota;1/11/1999;36104;1968
UBER;Uber;Industrials;Passenger Ground Transportation;San Francisco, California;18/12/2023;1543151;2009
UDR;UDR, Inc.;Real Estate;Multi-Family Residential REITs;Highlands Ranch, Colorado;7/03/2016;74208;1972
ULTA;Ulta Beauty;Consumer Discretionary;Other Specialty Retail;Bolingbrook, Illinois;18/04/2016;1403568;1990
UNP;Union Pacific Corporation;Industrials;Rail Transportation;Omaha, Nebraska;4/03/1957;100885;1862
UAL;United Airlines Holdings;Industrials;Passenger Airlines;Chicago, Illinois;3/09/2015;100517;1967
UPS;United Parcel Service;Industrials;Air Freight & Logistics;Sandy Springs, Georgia;22/07/2002;1090727;1907
URI;United Rentals;Industrials;Trading Companies & Distributors;Stamford, Connecticut;20/09/2014;1067701;1997
UNH;UnitedHealth Group;Health Care;Managed Health Care;Eden Prairie, Minnesota;1/07/1994;731766;1977
UHS;Universal Health Services;Health Care;Health Care Facilities;King of Prussia, Pennsylvania;20/09/2014;352915;1979
VLO;Valero Energy;Energy;Oil & Gas Refining & Marketing;San Antonio, Texas;20/12/2002;1035002;1980
VEEV;Veeva Systems;Health Care;Health Care Technology;Pleasanton, California;7/05/2026;1393052;2007
VTR;Ventas;Real Estate;Health Care REITs;Chicago, Illinois;4/03/2009;740260;1998
VLTO;Veralto;Industrials;Environmental & Facilities Services;Waltham, Massachusetts;2/10/2023;1967680;2023
VRSN;Verisign;Information Technology;Internet Services & Infrastructure;Reston, Virginia;1/02/2006;1014473;1995
VRSK;Verisk Analytics;Industrials;Research & Consulting Services;Jersey City, New Jersey;8/10/2015;1442145;1971
VZ;Verizon;Communication Services;Integrated Telecommunication Services;New York City, New York;30/11/1983;732712;1983 (1877)
VRTX;Vertex Pharmaceuticals;Health Care;Biotechnology;Boston, Massachusetts;23/09/2013;875320;1989
VRT;Vertiv;Industrials;Electrical Components & Equipment;Westerville, Ohio;23/03/2026;1674101;2016
VTRS;Viatris;Health Care;Pharmaceuticals;Pittsburgh, Pennsylvania;23/04/2004;1792044;1961
VICI;Vici Properties;Real Estate;Hotel & Resort REITs;New York City, New York;8/06/2022;1705696;2017
V;Visa Inc.;Financials;Transaction & Payment Processing Services;San Francisco, California;21/12/2009;1403161;1958
VST;Vistra Corp.;Utilities;Electric Utilities;Irving, Texas;8/05/2024;1692819;2016
VMC;Vulcan Materials Company;Materials;Construction Materials;Birmingham, Alabama;30/06/1999;1396009;1909
WRB;W. R. Berkley Corporation;Financials;Property & Casualty Insurance;Greenwich, Connecticut;5/12/2019;11544;1967
GWW;W. W. Grainger;Industrials;Industrial Machinery & Supplies & Components;Lake Forest, Illinois;30/06/1981;277135;1927
WAB;Wabtec;Industrials;Construction Machinery & Heavy Transportation Equipment;Pittsburgh, Pennsylvania;27/02/2019;943452;1999 (1869)
WMT;Walmart;Consumer Staples;Consumer Staples Merchandise Retail;Bentonville, Arkansas;31/08/1982;104169;1962
DIS;Walt Disney Company (The);Communication Services;Movies & Entertainment;Burbank, California;30/06/1976;1744489;1923
WBD;Warner Bros. Discovery;Communication Services;Broadcasting;New York City, New York;11/04/2022;1437107;2022 (Warner Bros. 1923)
WM;Waste Management;Industrials;Environmental & Facilities Services;Houston, Texas;31/08/1998;823768;1968
WAT;Waters Corporation;Health Care;Life Sciences Tools & Services;Milford, Massachusetts;2/01/2002;1000697;1958
WEC;WEC Energy Group;Utilities;Electric Utilities;Milwaukee, Wisconsin;31/10/2008;783325;1896
WFC;Wells Fargo;Financials;Diversified Banks;San Francisco, California;30/06/1976;72971;1852
WELL;Welltower;Real Estate;Health Care REITs;Toledo, Ohio;30/01/2009;766704;1970
WST;West Pharmaceutical Services;Health Care;Health Care Supplies;Exton, Pennsylvania;22/05/2020;105770;1923
WDC;Western Digital;Information Technology;Technology Hardware, Storage & Peripherals;San Jose, California;1/07/2009;106040;1970
WY;Weyerhaeuser;Real Estate;Timber REITs;Seattle, Washington;1/10/1979;106535;1900
WSM;Williams-Sonoma, Inc.;Consumer Discretionary;Homefurnishing Retail;San Francisco, California;24/03/2025;719955;1956
WMB;Williams Companies;Energy;Oil & Gas Storage & Transportation;Tulsa, Oklahoma;31/03/1975;107263;1908
WTW;Willis Towers Watson;Financials;Insurance Brokers;London, United Kingdom;5/01/2016;1140536;2016
WDAY;Workday, Inc.;Information Technology;Application Software;Pleasanton, California;23/12/2024;1327811;2005
WYNN;Wynn Resorts;Consumer Discretionary;Casinos & Gaming;Paradise, Nevada;14/11/2008;1174922;2002
XEL;Xcel Energy;Utilities;Multi-Utilities;Minneapolis, Minnesota;4/03/1957;72903;1909
XYL;Xylem Inc.;Industrials;Industrial Machinery & Supplies & Components;White Plains, New York;1/11/2011;1524472;2011
YUM;Yum! Brands;Consumer Discretionary;Restaurants;Louisville, Kentucky;6/10/1997;1041061;1997
ZBRA;Zebra Technologies;Information Technology;Electronic Equipment & Instruments;Lincolnshire, Illinois;23/12/2019;877212;1969
ZBH;Zimmer Biomet;Health Care;Health Care Equipment;Warsaw, Indiana;7/08/2001;1136869;1927
ZTS;Zoetis;Health Care;Pharmaceuticals;Parsippany, New Jersey;21/06/2013;1555280;1952
